{"loss": 0.08211229741573334, "_timestamp": 1684237596.027107, "_runtime": 722.2053270339966, "_step": 1150, "_wandb": {"runtime": 721}}