{"loss": 0.22536177933216095, "_timestamp": 1684236756.348746, "_runtime": 40.726917028427124, "_step": 99, "_wandb": {"runtime": 39}}