{"acc": 0.9419116271649599, "loss": 0.09704656867767444, "_timestamp": 1654944886, "_runtime": 6, "_step": 7, "_wandb": {"runtime": 5}}