{"acc": 0.8517246198131418, "loss": 0.12602190617906525, "_timestamp": 1654944865, "_runtime": 6, "_step": 7, "_wandb": {"runtime": 5}}