{"loss": 0.34173181653022766, "_timestamp": 1684243783.746536, "_runtime": 5.662182092666626, "_step": 0, "_wandb": {"runtime": 3}}