{"acc": 0.959224982096794, "loss": 0.09515212026232421, "_timestamp": 1654944902, "_runtime": 5, "_step": 7, "_wandb": {"runtime": 5}}