{"acc": 0.8801845063990271, "loss": 0.04763553280798486, "_timestamp": 1654944838, "_runtime": 5, "_step": 7, "_wandb": {"runtime": 5}}