{"acc": 0.8816549536755824, "loss": 0.11882891532883955, "_timestamp": 1654944825, "_runtime": 5, "_step": 7, "_wandb": {"runtime": 5}}