{"loss": 0.0786878913640976, "_timestamp": 1684244746.152788, "_runtime": 927.2645378112793, "_step": 1409}